{"cameraMode":{"drawMode":0,"name":"Shaded","section":"Shading Mode"},"sceneLighting":false,"audioPlay":false,"sceneViewState":{"m_AlwaysRefresh":false,"showFog":true,"showSkybox":false,"showFlares":true,"showImageEffects":true,"showParticleSystems":true,"showVisualEffectGraphs":true,"m_FxEnabled":true},"in2DMode":false,"pivot":{"x":-275.1422119140625,"y":314.4620056152344,"z":-0.3895735740661621},"rotation":{"x":0.03689541667699814,"y":-0.018949290737509729,"z":0.0004740142321679741,"w":0.9994115233421326},"size":1.2247449159622193,"orthographic":false}