{"cameraMode":{"drawMode":0,"name":"Shaded","section":"Shading Mode"},"sceneLighting":false,"audioPlay":false,"sceneViewState":{"m_AlwaysRefresh":false,"showFog":true,"showSkybox":false,"showFlares":true,"showImageEffects":true,"showParticleSystems":true,"showVisualEffectGraphs":true,"m_FxEnabled":true},"in2DMode":false,"pivot":{"x":1.7799999713897706,"y":1.9199999570846558,"z":59.13999938964844},"rotation":{"x":0.007415159605443478,"y":0.8960407972335815,"z":-0.015744786709547044,"w":0.44422954320907595},"size":2.4349734783172609,"orthographic":false}