{"cameraMode":{"drawMode":0,"name":"Shaded","section":"Shading Mode"},"sceneLighting":true,"audioPlay":false,"sceneViewState":{"m_AlwaysRefresh":false,"showFog":true,"showSkybox":true,"showFlares":true,"showImageEffects":true,"showParticleSystems":true,"showVisualEffectGraphs":true,"m_FxEnabled":true},"in2DMode":false,"pivot":{"x":-43.869998931884769,"y":-0.6000000238418579,"z":8.5600004196167},"rotation":{"x":0.0219006035476923,"y":0.0016947417752817274,"z":-0.0010479919146746398,"w":1.0001044273376465},"size":1.0992687940597535,"orthographic":false}